[{"model": "admin.logentry", "pk": 1, "fields": {"action_time": "2021-01-06T08:53:37.663Z", "user": 1, "content_type": 8, "object_id": "1", "object_repr": "upload1_babyscream", "action_flag": 1, "change_message": "[{\"added\": {}}]"}}, {"model": "admin.logentry", "pk": 2, "fields": {"action_time": "2021-01-06T08:55:59.905Z", "user": 1, "content_type": 9, "object_id": "7092386a-9990-4c4e-89d0-9fdb1829138f", "object_repr": "7092386a-9990-4c4e-89d0-9fdb1829138f (Baby Scream)", "action_flag": 1, "change_message": "[{\"added\": {}}]"}}, {"model": "admin.logentry", "pk": 3, "fields": {"action_time": "2021-01-06T09:39:33.653Z", "user": 1, "content_type": 9, "object_id": "7092386a-9990-4c4e-89d0-9fdb1829138f", "object_repr": "7092386a-9990-4c4e-89d0-9fdb1829138f (Baby Scream)", "action_flag": 2, "change_message": "[]"}}, {"model": "admin.logentry", "pk": 4, "fields": {"action_time": "2021-01-06T10:21:07.158Z", "user": 1, "content_type": 8, "object_id": "7", "object_repr": "", "action_flag": 3, "change_message": ""}}, {"model": "admin.logentry", "pk": 5, "fields": {"action_time": "2021-01-06T10:21:07.179Z", "user": 1, "content_type": 8, "object_id": "5", "object_repr": "", "action_flag": 3, "change_message": ""}}, {"model": "admin.logentry", "pk": 6, "fields": {"action_time": "2021-01-06T10:21:07.195Z", "user": 1, "content_type": 8, "object_id": "4", "object_repr": "", "action_flag": 3, "change_message": ""}}, {"model": "admin.logentry", "pk": 7, "fields": {"action_time": "2021-01-06T10:21:07.211Z", "user": 1, "content_type": 8, "object_id": "3", "object_repr": "", "action_flag": 3, "change_message": ""}}, {"model": "admin.logentry", "pk": 8, "fields": {"action_time": "2021-01-06T10:21:07.231Z", "user": 1, "content_type": 8, "object_id": "2", "object_repr": "", "action_flag": 3, "change_message": ""}}, {"model": "admin.logentry", "pk": 9, "fields": {"action_time": "2021-01-06T10:21:07.247Z", "user": 1, "content_type": 8, "object_id": "6", "object_repr": "", "action_flag": 3, "change_message": ""}}, {"model": "admin.logentry", "pk": 10, "fields": {"action_time": "2021-01-06T10:57:09.144Z", "user": 1, "content_type": 11, "object_id": "9103bc29-aca4-4511-9869-ad775e91b13c", "object_repr": "Baby Scream", "action_flag": 1, "change_message": "[{\"added\": {}}]"}}, {"model": "admin.logentry", "pk": 11, "fields": {"action_time": "2021-01-06T10:58:09.992Z", "user": 1, "content_type": 11, "object_id": "f04a4b0a-2795-49a2-9426-6aabc24d261d", "object_repr": "B Film Girl", "action_flag": 1, "change_message": "[{\"added\": {}}]"}}, {"model": "admin.logentry", "pk": 12, "fields": {"action_time": "2021-01-10T05:33:33.760Z", "user": 1, "content_type": 13, "object_id": "70aad77a-e9bc-4095-b2ec-f89c677054e3", "object_repr": "Contact object (70aad77a-e9bc-4095-b2ec-f89c677054e3)", "action_flag": 1, "change_message": "[{\"added\": {}}]"}}, {"model": "admin.logentry", "pk": 13, "fields": {"action_time": "2021-01-10T05:34:28.565Z", "user": 1, "content_type": 13, "object_id": "59222f35-d70c-42a7-9712-19640c54ac1e", "object_repr": "Contact object (59222f35-d70c-42a7-9712-19640c54ac1e)", "action_flag": 1, "change_message": "[{\"added\": {}}]"}}, {"model": "admin.logentry", "pk": 14, "fields": {"action_time": "2021-01-10T06:09:00.061Z", "user": 1, "content_type": 13, "object_id": "b29b7a8f-a669-4b63-8966-298cf5bdaacb", "object_repr": "Contact object (b29b7a8f-a669-4b63-8966-298cf5bdaacb)", "action_flag": 1, "change_message": "[{\"added\": {}}]"}}, {"model": "admin.logentry", "pk": 15, "fields": {"action_time": "2021-01-10T19:56:52.143Z", "user": 1, "content_type": 13, "object_id": "da16479a-6ec2-4b81-be0d-388d1c1ca3e7", "object_repr": "Contact object (da16479a-6ec2-4b81-be0d-388d1c1ca3e7)", "action_flag": 1, "change_message": "[{\"added\": {}}]"}}, {"model": "admin.logentry", "pk": 16, "fields": {"action_time": "2021-02-15T05:14:05.586Z", "user": 1, "content_type": 3, "object_id": "1", "object_repr": "Site Users", "action_flag": 1, "change_message": "[{\"added\": {}}]"}}, {"model": "admin.logentry", "pk": 17, "fields": {"action_time": "2021-02-15T05:15:14.679Z", "user": 1, "content_type": 4, "object_id": "2", "object_repr": "test2-15-2021", "action_flag": 1, "change_message": "[{\"added\": {}}]"}}, {"model": "admin.logentry", "pk": 18, "fields": {"action_time": "2021-02-15T05:16:00.779Z", "user": 1, "content_type": 4, "object_id": "2", "object_repr": "test2-15-2021", "action_flag": 2, "change_message": "[{\"changed\": {\"fields\": [\"Groups\"]}}]"}}, {"model": "admin.logentry", "pk": 19, "fields": {"action_time": "2021-02-15T06:13:27.320Z", "user": 1, "content_type": 4, "object_id": "2", "object_repr": "test2-15-2021", "action_flag": 2, "change_message": "[{\"changed\": {\"fields\": [\"Email address\"]}}]"}}, {"model": "admin.logentry", "pk": 20, "fields": {"action_time": "2021-02-16T04:53:43.095Z", "user": 1, "content_type": 4, "object_id": "3", "object_repr": "test1_2-16-2021", "action_flag": 1, "change_message": "[{\"added\": {}}]"}}, {"model": "admin.logentry", "pk": 21, "fields": {"action_time": "2021-02-16T04:54:03.157Z", "user": 1, "content_type": 4, "object_id": "3", "object_repr": "test1_2-16-2021", "action_flag": 2, "change_message": "[{\"changed\": {\"fields\": [\"Email address\", \"Groups\"]}}]"}}, {"model": "admin.logentry", "pk": 22, "fields": {"action_time": "2021-02-16T05:56:37.114Z", "user": 1, "content_type": 11, "object_id": "63e7cc90-7ca2-4209-b35e-ecbb3cf33aad", "object_repr": "Test 1 2/16/2021", "action_flag": 2, "change_message": "[{\"changed\": {\"fields\": [\"Uploader\"]}}]"}}, {"model": "admin.logentry", "pk": 23, "fields": {"action_time": "2021-02-16T05:56:50.882Z", "user": 1, "content_type": 11, "object_id": "63e7cc90-7ca2-4209-b35e-ecbb3cf33aad", "object_repr": "Test 1 2/16/2021", "action_flag": 2, "change_message": "[{\"changed\": {\"fields\": [\"Uploader\"]}}]"}}, {"model": "admin.logentry", "pk": 24, "fields": {"action_time": "2021-02-16T05:57:05.060Z", "user": 1, "content_type": 11, "object_id": "76bae0a3-af85-4567-91b4-aa262ae31553", "object_repr": "Test 5 2/16/2021", "action_flag": 2, "change_message": "[{\"changed\": {\"fields\": [\"Uploader\"]}}]"}}, {"model": "admin.logentry", "pk": 25, "fields": {"action_time": "2021-02-16T05:59:02.700Z", "user": 1, "content_type": 11, "object_id": "63e7cc90-7ca2-4209-b35e-ecbb3cf33aad", "object_repr": "Test 1 2/16/2021", "action_flag": 2, "change_message": "[{\"changed\": {\"fields\": [\"Uploader\"]}}]"}}, {"model": "admin.logentry", "pk": 26, "fields": {"action_time": "2021-02-17T05:05:58.790Z", "user": 1, "content_type": 11, "object_id": "fe0096ee-4e24-4715-8937-89979e938b2a", "object_repr": "Test 1 2/17/2021", "action_flag": 2, "change_message": "[{\"changed\": {\"fields\": [\"Uploader\"]}}]"}}, {"model": "admin.logentry", "pk": 27, "fields": {"action_time": "2021-02-17T05:47:40.550Z", "user": 1, "content_type": 11, "object_id": "e18c03f9-4b57-4151-9798-8c523a067de4", "object_repr": "Test 2 2/17/2021", "action_flag": 2, "change_message": "[{\"changed\": {\"fields\": [\"Uploader\"]}}]"}}, {"model": "admin.logentry", "pk": 28, "fields": {"action_time": "2021-02-17T05:59:49.518Z", "user": 1, "content_type": 4, "object_id": "3", "object_repr": "test1_2-16-2021", "action_flag": 2, "change_message": "[{\"changed\": {\"fields\": [\"User permissions\"]}}]"}}, {"model": "admin.logentry", "pk": 29, "fields": {"action_time": "2021-02-17T06:21:55.062Z", "user": 1, "content_type": 11, "object_id": "429a0c92-3f55-46cd-b2c6-c1a3652de2b3", "object_repr": "Test 6 2/17/2021", "action_flag": 2, "change_message": "[{\"changed\": {\"fields\": [\"Uploader\"]}}]"}}, {"model": "admin.logentry", "pk": 30, "fields": {"action_time": "2021-02-20T06:48:00.603Z", "user": 1, "content_type": 11, "object_id": "888ac7a7-153b-4a67-af07-4e8b6302db89", "object_repr": "New Shit", "action_flag": 2, "change_message": "[{\"changed\": {\"fields\": [\"Uploader\"]}}]"}}, {"model": "admin.logentry", "pk": 31, "fields": {"action_time": "2021-02-20T06:48:08.863Z", "user": 1, "content_type": 11, "object_id": "fe0096ee-4e24-4715-8937-89979e938b2a", "object_repr": "Test 1 2/17/2021", "action_flag": 2, "change_message": "[{\"changed\": {\"fields\": [\"Uploader\"]}}]"}}, {"model": "admin.logentry", "pk": 32, "fields": {"action_time": "2021-02-22T05:00:54.422Z", "user": 1, "content_type": 11, "object_id": "1e26c7af-5736-4304-bb72-cc750c6848d0", "object_repr": "Test 5 2/21/2020", "action_flag": 2, "change_message": "[{\"changed\": {\"fields\": [\"Uploader\"]}}]"}}, {"model": "admin.logentry", "pk": 33, "fields": {"action_time": "2021-02-23T05:26:49.938Z", "user": 1, "content_type": 11, "object_id": "db870366-36a6-4441-85d7-dae33e1abe34", "object_repr": "Test 1 2/23/2021", "action_flag": 2, "change_message": "[{\"changed\": {\"fields\": [\"Uploader\"]}}]"}}, {"model": "auth.permission", "pk": 1, "fields": {"name": "Can add log entry", "content_type": 1, "codename": "add_logentry"}}, {"model": "auth.permission", "pk": 2, "fields": {"name": "Can change log entry", "content_type": 1, "codename": "change_logentry"}}, {"model": "auth.permission", "pk": 3, "fields": {"name": "Can delete log entry", "content_type": 1, "codename": "delete_logentry"}}, {"model": "auth.permission", "pk": 4, "fields": {"name": "Can view log entry", "content_type": 1, "codename": "view_logentry"}}, {"model": "auth.permission", "pk": 5, "fields": {"name": "Can add permission", "content_type": 2, "codename": "add_permission"}}, {"model": "auth.permission", "pk": 6, "fields": {"name": "Can change permission", "content_type": 2, "codename": "change_permission"}}, {"model": "auth.permission", "pk": 7, "fields": {"name": "Can delete permission", "content_type": 2, "codename": "delete_permission"}}, {"model": "auth.permission", "pk": 8, "fields": {"name": "Can view permission", "content_type": 2, "codename": "view_permission"}}, {"model": "auth.permission", "pk": 9, "fields": {"name": "Can add group", "content_type": 3, "codename": "add_group"}}, {"model": "auth.permission", "pk": 10, "fields": {"name": "Can change group", "content_type": 3, "codename": "change_group"}}, {"model": "auth.permission", "pk": 11, "fields": {"name": "Can delete group", "content_type": 3, "codename": "delete_group"}}, {"model": "auth.permission", "pk": 12, "fields": {"name": "Can view group", "content_type": 3, "codename": "view_group"}}, {"model": "auth.permission", "pk": 13, "fields": {"name": "Can add user", "content_type": 4, "codename": "add_user"}}, {"model": "auth.permission", "pk": 14, "fields": {"name": "Can change user", "content_type": 4, "codename": "change_user"}}, {"model": "auth.permission", "pk": 15, "fields": {"name": "Can delete user", "content_type": 4, "codename": "delete_user"}}, {"model": "auth.permission", "pk": 16, "fields": {"name": "Can view user", "content_type": 4, "codename": "view_user"}}, {"model": "auth.permission", "pk": 17, "fields": {"name": "Can add content type", "content_type": 5, "codename": "add_contenttype"}}, {"model": "auth.permission", "pk": 18, "fields": {"name": "Can change content type", "content_type": 5, "codename": "change_contenttype"}}, {"model": "auth.permission", "pk": 19, "fields": {"name": "Can delete content type", "content_type": 5, "codename": "delete_contenttype"}}, {"model": "auth.permission", "pk": 20, "fields": {"name": "Can view content type", "content_type": 5, "codename": "view_contenttype"}}, {"model": "auth.permission", "pk": 21, "fields": {"name": "Can add session", "content_type": 6, "codename": "add_session"}}, {"model": "auth.permission", "pk": 22, "fields": {"name": "Can change session", "content_type": 6, "codename": "change_session"}}, {"model": "auth.permission", "pk": 23, "fields": {"name": "Can delete session", "content_type": 6, "codename": "delete_session"}}, {"model": "auth.permission", "pk": 24, "fields": {"name": "Can view session", "content_type": 6, "codename": "view_session"}}, {"model": "auth.permission", "pk": 25, "fields": {"name": "Can add collection", "content_type": 7, "codename": "add_collection"}}, {"model": "auth.permission", "pk": 26, "fields": {"name": "Can change collection", "content_type": 7, "codename": "change_collection"}}, {"model": "auth.permission", "pk": 27, "fields": {"name": "Can delete collection", "content_type": 7, "codename": "delete_collection"}}, {"model": "auth.permission", "pk": 28, "fields": {"name": "Can view collection", "content_type": 7, "codename": "view_collection"}}, {"model": "auth.permission", "pk": 29, "fields": {"name": "Can add piece", "content_type": 8, "codename": "add_piece"}}, {"model": "auth.permission", "pk": 30, "fields": {"name": "Can change piece", "content_type": 8, "codename": "change_piece"}}, {"model": "auth.permission", "pk": 31, "fields": {"name": "Can delete piece", "content_type": 8, "codename": "delete_piece"}}, {"model": "auth.permission", "pk": 32, "fields": {"name": "Can view piece", "content_type": 8, "codename": "view_piece"}}, {"model": "auth.permission", "pk": 33, "fields": {"name": "Can add piece instance", "content_type": 9, "codename": "add_pieceinstance"}}, {"model": "auth.permission", "pk": 34, "fields": {"name": "Can change piece instance", "content_type": 9, "codename": "change_pieceinstance"}}, {"model": "auth.permission", "pk": 35, "fields": {"name": "Can delete piece instance", "content_type": 9, "codename": "delete_pieceinstance"}}, {"model": "auth.permission", "pk": 36, "fields": {"name": "Can view piece instance", "content_type": 9, "codename": "view_pieceinstance"}}, {"model": "auth.permission", "pk": 37, "fields": {"name": "Can add artist", "content_type": 10, "codename": "add_artist"}}, {"model": "auth.permission", "pk": 38, "fields": {"name": "Can change artist", "content_type": 10, "codename": "change_artist"}}, {"model": "auth.permission", "pk": 39, "fields": {"name": "Can delete artist", "content_type": 10, "codename": "delete_artist"}}, {"model": "auth.permission", "pk": 40, "fields": {"name": "Can view artist", "content_type": 10, "codename": "view_artist"}}, {"model": "auth.permission", "pk": 41, "fields": {"name": "Can add new piece", "content_type": 11, "codename": "add_newpiece"}}, {"model": "auth.permission", "pk": 42, "fields": {"name": "Can change new piece", "content_type": 11, "codename": "change_newpiece"}}, {"model": "auth.permission", "pk": 43, "fields": {"name": "Can delete new piece", "content_type": 11, "codename": "delete_newpiece"}}, {"model": "auth.permission", "pk": 44, "fields": {"name": "Can view new piece", "content_type": 11, "codename": "view_newpiece"}}, {"model": "auth.permission", "pk": 45, "fields": {"name": "Can add event", "content_type": 12, "codename": "add_event"}}, {"model": "auth.permission", "pk": 46, "fields": {"name": "Can change event", "content_type": 12, "codename": "change_event"}}, {"model": "auth.permission", "pk": 47, "fields": {"name": "Can delete event", "content_type": 12, "codename": "delete_event"}}, {"model": "auth.permission", "pk": 48, "fields": {"name": "Can view event", "content_type": 12, "codename": "view_event"}}, {"model": "auth.permission", "pk": 49, "fields": {"name": "Can add contact", "content_type": 13, "codename": "add_contact"}}, {"model": "auth.permission", "pk": 50, "fields": {"name": "Can change contact", "content_type": 13, "codename": "change_contact"}}, {"model": "auth.permission", "pk": 51, "fields": {"name": "Can delete contact", "content_type": 13, "codename": "delete_contact"}}, {"model": "auth.permission", "pk": 52, "fields": {"name": "Can view contact", "content_type": 13, "codename": "view_contact"}}, {"model": "auth.permission", "pk": 53, "fields": {"name": "Can add new piece_1", "content_type": 14, "codename": "add_newpiece_1"}}, {"model": "auth.permission", "pk": 54, "fields": {"name": "Can change new piece_1", "content_type": 14, "codename": "change_newpiece_1"}}, {"model": "auth.permission", "pk": 55, "fields": {"name": "Can delete new piece_1", "content_type": 14, "codename": "delete_newpiece_1"}}, {"model": "auth.permission", "pk": 56, "fields": {"name": "Can view new piece_1", "content_type": 14, "codename": "view_newpiece_1"}}, {"model": "auth.permission", "pk": 57, "fields": {"name": "Can add piece only_upload", "content_type": 15, "codename": "add_pieceonly_upload"}}, {"model": "auth.permission", "pk": 58, "fields": {"name": "Can change piece only_upload", "content_type": 15, "codename": "change_pieceonly_upload"}}, {"model": "auth.permission", "pk": 59, "fields": {"name": "Can delete piece only_upload", "content_type": 15, "codename": "delete_pieceonly_upload"}}, {"model": "auth.permission", "pk": 60, "fields": {"name": "Can view piece only_upload", "content_type": 15, "codename": "view_pieceonly_upload"}}, {"model": "auth.permission", "pk": 61, "fields": {"name": "Can add photo", "content_type": 16, "codename": "add_photo"}}, {"model": "auth.permission", "pk": 62, "fields": {"name": "Can change photo", "content_type": 16, "codename": "change_photo"}}, {"model": "auth.permission", "pk": 63, "fields": {"name": "Can delete photo", "content_type": 16, "codename": "delete_photo"}}, {"model": "auth.permission", "pk": 64, "fields": {"name": "Can view photo", "content_type": 16, "codename": "view_photo"}}, {"model": "auth.permission", "pk": 65, "fields": {"name": "Can add tags", "content_type": 17, "codename": "add_tags"}}, {"model": "auth.permission", "pk": 66, "fields": {"name": "Can change tags", "content_type": 17, "codename": "change_tags"}}, {"model": "auth.permission", "pk": 67, "fields": {"name": "Can delete tags", "content_type": 17, "codename": "delete_tags"}}, {"model": "auth.permission", "pk": 68, "fields": {"name": "Can view tags", "content_type": 17, "codename": "view_tags"}}, {"model": "auth.group", "pk": 1, "fields": {"name": "Site Users", "permissions": []}}, {"model": "auth.user", "pk": 1, "fields": {"password": "pbkdf2_sha256$216000$6pb2j1JcRbLg$QEI+VAAgK77AzjDikiLlYiHoGy1RA+mnnXhP7++V2Z8=", "last_login": "2021-02-26T04:42:21.805Z", "is_superuser": true, "username": "amiele84", "first_name": "", "last_name": "", "email": "andrew.miele18@my.stjohns.edu", "is_staff": true, "is_active": true, "date_joined": "2021-01-06T08:49:22.871Z", "groups": [], "user_permissions": []}}, {"model": "auth.user", "pk": 2, "fields": {"password": "pbkdf2_sha256$216000$kaByEytHIxAG$ydenA72bDeM9dRGVhY7RVfZDifeuk03iK4CJjTkFY+0=", "last_login": "2021-02-15T06:07:23Z", "is_superuser": false, "username": "test2-15-2021", "first_name": "", "last_name": "", "email": "amiele84@gmail.com", "is_staff": false, "is_active": true, "date_joined": "2021-02-15T05:15:14Z", "groups": [1], "user_permissions": []}}, {"model": "auth.user", "pk": 3, "fields": {"password": "pbkdf2_sha256$216000$PhCfw8Qux4uL$e5RcTNLCq2dLIREzZCiICUKNB6f9DBINlJpTlhB34cw=", "last_login": "2021-02-23T05:42:16.802Z", "is_superuser": false, "username": "test1_2-16-2021", "first_name": "", "last_name": "", "email": "amiele84@gmail.com", "is_staff": false, "is_active": true, "date_joined": "2021-02-16T04:53:42Z", "groups": [1], "user_permissions": [25]}}, {"model": "contenttypes.contenttype", "pk": 1, "fields": {"app_label": "admin", "model": "logentry"}}, {"model": "contenttypes.contenttype", "pk": 2, "fields": {"app_label": "auth", "model": "permission"}}, {"model": "contenttypes.contenttype", "pk": 3, "fields": {"app_label": "auth", "model": "group"}}, {"model": "contenttypes.contenttype", "pk": 4, "fields": {"app_label": "auth", "model": "user"}}, {"model": "contenttypes.contenttype", "pk": 5, "fields": {"app_label": "contenttypes", "model": "contenttype"}}, {"model": "contenttypes.contenttype", "pk": 6, "fields": {"app_label": "sessions", "model": "session"}}, {"model": "contenttypes.contenttype", "pk": 7, "fields": {"app_label": "pieces", "model": "collection"}}, {"model": "contenttypes.contenttype", "pk": 8, "fields": {"app_label": "pieces", "model": "piece"}}, {"model": "contenttypes.contenttype", "pk": 9, "fields": {"app_label": "pieces", "model": "pieceinstance"}}, {"model": "contenttypes.contenttype", "pk": 10, "fields": {"app_label": "pieces", "model": "artist"}}, {"model": "contenttypes.contenttype", "pk": 11, "fields": {"app_label": "pieces", "model": "newpiece"}}, {"model": "contenttypes.contenttype", "pk": 12, "fields": {"app_label": "schedule", "model": "event"}}, {"model": "contenttypes.contenttype", "pk": 13, "fields": {"app_label": "contacts", "model": "contact"}}, {"model": "contenttypes.contenttype", "pk": 14, "fields": {"app_label": "pieces", "model": "newpiece_1"}}, {"model": "contenttypes.contenttype", "pk": 15, "fields": {"app_label": "pieces", "model": "pieceonly_upload"}}, {"model": "contenttypes.contenttype", "pk": 16, "fields": {"app_label": "pieces", "model": "photo"}}, {"model": "contenttypes.contenttype", "pk": 17, "fields": {"app_label": "pieces", "model": "tags"}}, {"model": "sessions.session", "pk": "8zf2wjrwsu04b3hc8kael80y6ulv5mbt", "fields": {"session_data": ".eJxVjDsOwjAQBe_iGlmszPpDSc8ZrF2vjQPIluKkQtwdIqWA9s3Me6lI61LjOvIcJ1FnBerwuzGlR24bkDu1W9ept2WeWG-K3unQ1y75edndv4NKo35rNIbRkcXi2ZCVggLg2DtDwsCpkDmWQEQlC7qA3jkLAChCiU8c1PsD-jE4vw:1lFUxJ:njPY1LHDTofvHAUhLybg4x4S5yeEt6sg3UG7iDBI9YM", "expire_date": "2021-03-12T04:42:21.819Z"}}, {"model": "sessions.session", "pk": "l9vvn6nepheozrhqleemaj09igk7mj7t", "fields": {"session_data": ".eJxVjDsOwjAQBe_iGlmszPpDSc8ZrF2vjQPIluKkQtwdIqWA9s3Me6lI61LjOvIcJ1FnBerwuzGlR24bkDu1W9ept2WeWG-K3unQ1y75edndv4NKo35rNIbRkcXi2ZCVggLg2DtDwsCpkDmWQEQlC7qA3jkLAChCiU8c1PsD-jE4vw:1kx5vT:ZqBkwNOYw8wSnIXutFaZzDsD5r621SwXYAguTvYU45o", "expire_date": "2021-01-20T10:20:23.437Z"}}, {"model": "sessions.session", "pk": "qk46l2b6enx8ge951olwp2o7tqyt7vjq", "fields": {"session_data": ".eJxVjDsOwjAQBe_iGlmszPpDSc8ZrF2vjQPIluKkQtwdIqWA9s3Me6lI61LjOvIcJ1FnBerwuzGlR24bkDu1W9ept2WeWG-K3unQ1y75edndv4NKo35rNIbRkcXi2ZCVggLg2DtDwsCpkDmWQEQlC7qA3jkLAChCiU8c1PsD-jE4vw:1kx4Vt:_Y5BYuiuCRB02Qhfb3TATpt24Xo56k-hecG1OTYBDFg", "expire_date": "2021-01-20T08:49:53.305Z"}}, {"model": "sessions.session", "pk": "uauv7gzzeyv609b9wdfuwt2zrd97zto4", "fields": {"session_data": ".eJxVjDsOwjAQBe_iGlmszPpDSc8ZrF2vjQPIluKkQtwdIqWA9s3Me6lI61LjOvIcJ1FnBerwuzGlR24bkDu1W9ept2WeWG-K3unQ1y75edndv4NKo35rNIbRkcXi2ZCVggLg2DtDwsCpkDmWQEQlC7qA3jkLAChCiU8c1PsD-jE4vw:1lEmYF:vavw1UdhjOERsFlJMZtmEcvUJY1ekUnIzkAfWomR1p4", "expire_date": "2021-03-10T05:17:31.198Z"}}, {"model": "pieces.piece", "pk": 1, "fields": {"upload_name": "upload1_babyscream", "artist": 1, "piece_upload": "images/Baby_Scream_ypkZldg.JPG"}}, {"model": "pieces.piece", "pk": 8, "fields": {"upload_name": "", "artist": 1, "piece_upload": "images/Barcelona_1ftLtJr.jpg"}}, {"model": "pieces.pieceinstance", "pk": "7092386a-9990-4c4e-89d0-9fdb1829138f", "fields": {"piece": 1, "title": "Baby Scream", "description": "Bad pic of screaming baby", "medium": "Acryllic and Oil on Canvas", "subject_matter": "Baby", "location": "Gallery 1", "width": 10, "height": 10, "depth": 15, "price": 10000, "date_of_upload": "2021-01-06", "types": "painting", "visibility": "Public", "availability": "Complete", "dim": "inches"}}, {"model": "pieces.newpiece", "pk": "02ca6f94-0928-4bb0-a440-9a64ea5f5ed9", "fields": {"artist": 1, "title": "TesTest 1 1/31t 1 1/31", "description": "ffd", "medium": "Acryllic", "subject_matter": "Boobies", "location": "NYC", "width": 6, "height": 1, "depth": 5, "price": 9, "piece_upload": "images/Screen_Shot_2021-01-23_at_12.03.04_PM_WI4d771.png", "date_of_upload": "2021-01-06", "types": "painting", "dim": "inches", "visibility": "Private", "availability": "Unfinished", "tags": ""}}, {"model": "pieces.newpiece", "pk": "0580c6c9-67f1-4bed-aaae-387204e03907", "fields": {"artist": 1, "title": "Test 9 1/28", "description": "dd", "medium": "Oil", "subject_matter": "Boobies", "location": "Gallery 1", "width": 3, "height": 3, "depth": 2, "price": 4, "piece_upload": "images/Screen_Shot_2021-01-23_at_11.59.10_AM_ZtsAyVS.png", "date_of_upload": "2021-01-06", "types": "painting", "dim": "inches", "visibility": "Private", "availability": "Unfinished", "tags": ""}}, {"model": "pieces.newpiece", "pk": "05fbc46b-8105-4ac6-93aa-e1a1e700b006", "fields": {"artist": 1, "title": "Test 5 2/19/2021", "description": "ff", "medium": "Oil", "subject_matter": "Boobies", "location": "Gallery 1", "width": 5, "height": 4, "depth": 3, "price": 3, "piece_upload": "images/Screen_Shot_2021-01-23_at_11.59.55_AM_G8Od3DH.png", "date_of_upload": "2021-01-06", "types": "painting", "dim": "inches", "visibility": "Private", "availability": "Unfinished", "tags": ""}}, {"model": "pieces.newpiece", "pk": "115966ca-6806-4ef2-902d-bdf934f33a81", "fields": {"artist": 1, "title": "Test 4 2/19/2021", "description": "dd", "medium": "Acryllic", "subject_matter": "Human", "location": "NYC", "width": 3, "height": 4, "depth": 5, "price": 3, "piece_upload": "images/Screen_Shot_2021-01-23_at_11.59.55_AM_YJUx2Bi.png", "date_of_upload": "2021-01-06", "types": "painting", "dim": "inches", "visibility": "Private", "availability": "Unfinished", "tags": ""}}, {"model": "pieces.newpiece", "pk": "19f10494-f112-4874-9cbc-92382880971f", "fields": {"artist": 1, "title": "Test 5 2/17/2021", "description": "rr", "medium": "Acryllic", "subject_matter": "Human", "location": "NYC", "width": 5, "height": 8, "depth": 7, "price": 4, "piece_upload": "images/Screen_Shot_2021-01-21_at_8.08.52_PM_LC5Wi28.png", "date_of_upload": "2021-01-06", "types": "painting", "dim": "inches", "visibility": "Private", "availability": "Unfinished", "tags": ""}}, {"model": "pieces.newpiece", "pk": "1e1ea004-70fa-4a70-8cec-38138fb4ed74", "fields": {"artist": 1, "title": "Test 2 2/18/2021", "description": "dd", "medium": "Oil", "subject_matter": "Boobies", "location": "Gallery 1", "width": 6, "height": 5, "depth": 6, "price": 10, "piece_upload": "images/Screen_Shot_2021-01-26_at_8.29.43_PM_t1tzqhq.png", "date_of_upload": "2021-01-06", "types": "painting", "dim": "inches", "visibility": "Private", "availability": "Unfinished", "tags": ""}}, {"model": "pieces.newpiece", "pk": "1e26c7af-5736-4304-bb72-cc750c6848d0", "fields": {"artist": 1, "title": "Test 5 2/21/2020", "description": "fff", "medium": "Acryllic", "subject_matter": "Human", "location": "NYC", "width": 5, "height": 4, "depth": 3, "price": 3, "piece_upload": "images/110630-130006_p9IobYq.jpg", "date_of_upload": "2021-01-06", "types": "painting", "dim": "inches", "visibility": "Private", "availability": "Unfinished", "tags": ""}}, {"model": "pieces.newpiece", "pk": "1fb8efcc-5cac-461c-9820-c705e1e8e16d", "fields": {"artist": 1, "title": "Test 1 2/24/2021", "description": "ff", "medium": "Acryllic", "subject_matter": "Human", "location": "Gallery 1", "width": 5, "height": 5, "depth": 6, "price": 2, "piece_upload": "images/11_Adam_Handler_Island_Girl_27x24in_Oil_stick_and_acrylic_on_canvas_2018_1600.00.jpeg", "date_of_upload": "2021-01-06", "types": "painting", "dim": "inches", "visibility": "Private", "availability": "Unfinished", "tags": ""}}, {"model": "pieces.newpiece", "pk": "21c2f879-d2bc-40a5-9434-662e771a1f23", "fields": {"artist": 1, "title": "Test 3 2/17/2021", "description": "dd", "medium": "Acryllic", "subject_matter": "Human", "location": "Gallery 1", "width": 4, "height": 6, "depth": 3, "price": 3, "piece_upload": "images/Screen_Shot_2021-01-23_at_12.03.04_PM_U2iIQhO.png", "date_of_upload": "2021-01-06", "types": "painting", "dim": "inches", "visibility": "Private", "availability": "Unfinished", "tags": ""}}, {"model": "pieces.newpiece", "pk": "23d6339b-1127-4f63-9ab4-4d1bc115d36f", "fields": {"artist": 1, "title": "Test 8 2/21/2020", "description": "ff", "medium": "Oil", "subject_matter": "Human", "location": "Gallery 1", "width": 3, "height": 4, "depth": 4, "price": 2, "piece_upload": "images/110803-004237_FDQssxp.jpg", "date_of_upload": "2021-01-06", "types": "painting", "dim": "inches", "visibility": "Private", "availability": "Unfinished", "tags": ""}}, {"model": "pieces.newpiece", "pk": "25ae971b-4f50-4450-b872-1131b98dbc9f", "fields": {"artist": 1, "title": "Test 8 1/28", "description": "ss", "medium": "Oil", "subject_matter": "People", "location": "Gallery 1", "width": 2, "height": 2, "depth": 2, "price": 4, "piece_upload": "images/Screen_Shot_2021-01-23_at_12.08.54_PM_93aff7u.png", "date_of_upload": "2021-01-06", "types": "painting", "dim": "inches", "visibility": "Private", "availability": "Unfinished", "tags": ""}}, {"model": "pieces.newpiece", "pk": "2adb1578-0258-4a91-9216-f3bfdf4cd2ae", "fields": {"artist": 1, "title": "Test 18 1/28", "description": "ss", "medium": "Oil", "subject_matter": "People", "location": "Gallery 1", "width": 1, "height": 2, "depth": 1, "price": 2, "piece_upload": "images/Screen_Shot_2021-01-23_at_11.59.10_AM_oy0S5DF.png", "date_of_upload": "2021-01-06", "types": "painting", "dim": "inches", "visibility": "Private", "availability": "Unfinished", "tags": ""}}, {"model": "pieces.newpiece", "pk": "30bc5084-d4d2-4d5f-942d-294e1197ace8", "fields": {"artist": 1, "title": "Test 3 1/31", "description": "ff", "medium": "Acryllic", "subject_matter": "Boobies", "location": "Gallery 1", "width": 3, "height": 1, "depth": 2, "price": 2, "piece_upload": "images/Screen_Shot_2021-01-23_at_11.59.55_AM_YNDOkG1.png", "date_of_upload": "2021-01-06", "types": "painting", "dim": "inches", "visibility": "Private", "availability": "Unfinished", "tags": ""}}, {"model": "pieces.newpiece", "pk": "3236ecad-7c21-438b-87cf-00a0065beb23", "fields": {"artist": 2, "title": "New Shit", "description": "bio", "medium": "Acryllic", "subject_matter": "Baby", "location": "Philadelphia", "width": 4, "height": 5, "depth": 7, "price": 40000, "piece_upload": "images/butler_b7Zvsjf.png", "date_of_upload": "2021-01-06", "types": "painting", "dim": "centimeters", "visibility": "Public", "availability": "Unfinished", "tags": ""}}, {"model": "pieces.newpiece", "pk": "33511741-19a6-4bc5-895d-a05476bc5474", "fields": {"artist": 1, "title": "Test 1 2/18/2021", "description": "df", "medium": "Acryllic", "subject_matter": "Human", "location": "NYC", "width": 4, "height": 5, "depth": 3, "price": 700, "piece_upload": "images/Screen_Shot_2021-01-23_at_12.03.04_PM_VdY9HPR.png", "date_of_upload": "2021-01-06", "types": "painting", "dim": "inches", "visibility": "Private", "availability": "Unfinished", "tags": ""}}, {"model": "pieces.newpiece", "pk": "356f10ec-1f3d-4c7c-95a3-271e0028ba7b", "fields": {"artist": 1, "title": "test 2 1/31", "description": "fjd", "medium": "Oil", "subject_matter": "Boobies", "location": "NYC", "width": 2, "height": 2, "depth": 3, "price": 2, "piece_upload": "images/Screen_Shot_2021-01-23_at_12.08.54_PM_TiNP4h2.png", "date_of_upload": "2021-01-06", "types": "painting", "dim": "inches", "visibility": "Private", "availability": "Unfinished", "tags": ""}}, {"model": "pieces.newpiece", "pk": "358eb98f-28d6-4cc6-a443-1e7de573a85e", "fields": {"artist": 1, "title": "Test 3 2/21/2020", "description": "ff", "medium": "Acryllic", "subject_matter": "Human", "location": "Gallery 1", "width": 6, "height": 3, "depth": 4, "price": 2, "piece_upload": "images/110630-130006_oyOkylu.jpg", "date_of_upload": "2021-01-06", "types": "painting", "dim": "inches", "visibility": "Private", "availability": "Unfinished", "tags": ""}}, {"model": "pieces.newpiece", "pk": "3957e000-0f0e-457b-8bcd-ccc885433905", "fields": {"artist": 1, "title": "Test 4 2/21/2021", "description": "fff", "medium": "Oil", "subject_matter": "Boobies", "location": "NYC", "width": 4, "height": 4, "depth": 3, "price": 5, "piece_upload": "images/110630-130006_DPaCQLm.jpg", "date_of_upload": "2021-01-06", "types": "painting", "dim": "inches", "visibility": "Private", "availability": "Unfinished", "tags": ""}}, {"model": "pieces.newpiece", "pk": "3a260dbd-62bc-41ef-be7e-626ea5bcbf3d", "fields": {"artist": 2, "title": "New Shit", "description": "descriptionq", "medium": "Oil", "subject_matter": "Human", "location": "NYC", "width": 4, "height": 3, "depth": 3, "price": 5, "piece_upload": "images/4class_model_ZWZkKkh.png", "date_of_upload": "2021-01-06", "types": "painting", "dim": "inches", "visibility": "Private", "availability": "Unfinished", "tags": ""}}, {"model": "pieces.newpiece", "pk": "3ceb37a7-4437-4891-a7dc-7584d757f342", "fields": {"artist": 2, "title": "Pieta", "description": "Peeeta", "medium": "Acryllic", "subject_matter": "Boobies", "location": "Philadelphia", "width": 7, "height": 8, "depth": 9, "price": 5000, "piece_upload": "images/Pieta.gif", "date_of_upload": "2021-01-06", "types": "sculpture", "dim": "inches", "visibility": "Private", "availability": "Unfinished", "tags": ""}}, {"model": "pieces.newpiece", "pk": "429a0c92-3f55-46cd-b2c6-c1a3652de2b3", "fields": {"artist": 1, "title": "Test 6 2/17/2021", "description": "ff", "medium": "Oil", "subject_matter": "Boobies", "location": "Gallery 1", "width": 5, "height": 5, "depth": 4, "price": 3, "piece_upload": "images/Screen_Shot_2021-01-23_at_11.59.10_AM_MBtaHwx.png", "date_of_upload": "2021-01-06", "types": "painting", "dim": "inches", "visibility": "Private", "availability": "Unfinished", "tags": ""}}, {"model": "pieces.newpiece", "pk": "4c796955-fe84-476d-9277-25f4527d049c", "fields": {"artist": 1, "title": "Today's Shit", "description": "defe", "medium": "Oil", "subject_matter": "Human", "location": "NYC", "width": 3, "height": 2, "depth": 2, "price": 3, "piece_upload": "images/Screen_Shot_2021-01-23_at_11.59.10_AM.png", "date_of_upload": "2021-01-06", "types": "painting", "dim": "inches", "visibility": "Private", "availability": "Unfinished", "tags": ""}}, {"model": "pieces.newpiece", "pk": "4ca75c31-c254-4e99-9c57-ca680628a762", "fields": {"artist": 1, "title": "Test 14", "description": "dd", "medium": "Oil", "subject_matter": "Boobies", "location": "Gallery 1", "width": 3, "height": 2, "depth": 3, "price": 2, "piece_upload": "images/Screen_Shot_2021-01-23_at_12.03.04_PM_nDm6Jld.png", "date_of_upload": "2021-01-06", "types": "painting", "dim": "inches", "visibility": "Private", "availability": "Unfinished", "tags": ""}}, {"model": "pieces.newpiece", "pk": "5c575232-06fc-470c-957d-6243d4c29764", "fields": {"artist": 1, "title": "Test 17 1/28", "description": "cc", "medium": "Acryllic", "subject_matter": "Boobies", "location": "NYC", "width": 2, "height": 2, "depth": 1, "price": 2, "piece_upload": "images/Screen_Shot_2021-01-21_at_8.08.52_PM_nriEi8Y.png", "date_of_upload": "2021-01-06", "types": "painting", "dim": "inches", "visibility": "Private", "availability": "Unfinished", "tags": ""}}, {"model": "pieces.newpiece", "pk": "5ce80963-0d23-4aa9-ad4c-6416e441e96a", "fields": {"artist": 1, "title": "Test 16 1/28", "description": "dd", "medium": "Oil", "subject_matter": "Boobies", "location": "Gallery 1", "width": 2, "height": 2, "depth": 2, "price": 2, "piece_upload": "images/Screen_Shot_2021-01-23_at_11.59.10_AM_S4paPkL.png", "date_of_upload": "2021-01-06", "types": "painting", "dim": "inches", "visibility": "Private", "availability": "Unfinished", "tags": ""}}, {"model": "pieces.newpiece", "pk": "5da20e71-dbc2-48ac-a4de-48a27ce6f6a8", "fields": {"artist": 1, "title": "Test 3 2/23/2021", "description": "dd", "medium": "Oil", "subject_matter": "Boobies", "location": "Gallery 1", "width": 4, "height": 5, "depth": 4, "price": 4, "piece_upload": "images/12_Adam_Handler_Lost_sometimes_Oil_stick_and_pencil_on_paper_30x22in_2018_1200.0_hWi4Ljo.jpeg", "date_of_upload": "2021-01-06", "types": "painting", "dim": "inches", "visibility": "Private", "availability": "Unfinished", "tags": ""}}, {"model": "pieces.newpiece", "pk": "61e960c1-2a46-4bf4-83bb-153f12ef096e", "fields": {"artist": 1, "title": "Test 5 1/31", "description": "dd", "medium": "Oil", "subject_matter": "Boobies", "location": "Gallery 1", "width": 2, "height": 2, "depth": 3, "price": 2, "piece_upload": "images/Screen_Shot_2021-01-23_at_11.59.55_AM_9JI4368.png", "date_of_upload": "2021-01-06", "types": "painting", "dim": "inches", "visibility": "Private", "availability": "Unfinished", "tags": ""}}, {"model": "pieces.newpiece", "pk": "63e7cc90-7ca2-4209-b35e-ecbb3cf33aad", "fields": {"artist": 1, "title": "Test 1 2/16/2021", "description": "DEs", "medium": "Acryllic", "subject_matter": "Human", "location": "NYC", "width": 4, "height": 0, "depth": 4, "price": 2, "piece_upload": "images/Screen_Shot_2021-01-26_at_8.29.43_PM_wol9kQ1.png", "date_of_upload": "2021-01-06", "types": "painting", "dim": "inches", "visibility": "Private", "availability": "Unfinished", "tags": ""}}, {"model": "pieces.newpiece", "pk": "67b148bd-a87e-44b8-ac0e-ab1e094e78d7", "fields": {"artist": 1, "title": "Test 5 1/28", "description": "dd", "medium": "Acryllic", "subject_matter": "People", "location": "Gallery 1", "width": 2, "height": 2, "depth": 5, "price": 3, "piece_upload": "images/Screen_Shot_2021-01-23_at_11.59.55_AM_gcdPy2A.png", "date_of_upload": "2021-01-06", "types": "painting", "dim": "inches", "visibility": "Private", "availability": "Unfinished", "tags": ""}}, {"model": "pieces.newpiece", "pk": "6915322f-742c-4105-9e2a-7f05149f229e", "fields": {"artist": 2, "title": "B Film Girl", "description": "Film painting about girl", "medium": "Oil", "subject_matter": "Human", "location": "Gallery 1", "width": 4, "height": 5, "depth": 6, "price": 10000, "piece_upload": "images/B_Film_Girl_OOvyxjO.gif", "date_of_upload": "2021-01-06", "types": "painting", "dim": "inches", "visibility": "Private", "availability": "Complete", "tags": ""}}, {"model": "pieces.newpiece", "pk": "69b4ccd5-1c65-40e7-9698-3fd47144b338", "fields": {"artist": 1, "title": "Test 3 2/18/2021", "description": "vv", "medium": "Acryllic", "subject_matter": "Human", "location": "NYC", "width": 6, "height": 6, "depth": 5, "price": 4, "piece_upload": "images/Screen_Shot_2021-01-23_at_11.59.55_AM_rNUpHm8.png", "date_of_upload": "2021-01-06", "types": "painting", "dim": "inches", "visibility": "Private", "availability": "Unfinished", "tags": ""}}, {"model": "pieces.newpiece", "pk": "6b2447d4-aa6e-4f2e-8fb6-393a110e471c", "fields": {"artist": 1, "title": "Test 4 2/17/2021", "description": "ff", "medium": "Acryllic", "subject_matter": "Boobies", "location": "Gallery 1", "width": 5, "height": 6, "depth": 6, "price": 5, "piece_upload": "images/Screen_Shot_2021-01-21_at_8.08.52_PM_SyxXOPU.png", "date_of_upload": "2021-01-06", "types": "painting", "dim": "inches", "visibility": "Private", "availability": "Unfinished", "tags": ""}}, {"model": "pieces.newpiece", "pk": "756db7c3-e60c-4ba6-9921-6a12d682594b", "fields": {"artist": 1, "title": "Test 2_1/28/2021", "description": "de", "medium": "Oil", "subject_matter": "Boobies", "location": "Gallery 1", "width": 5, "height": 5, "depth": 3, "price": 3, "piece_upload": "images/Screen_Shot_2021-01-26_at_8.29.43_PM.png", "date_of_upload": "2021-01-06", "types": "painting", "dim": "inches", "visibility": "Private", "availability": "Unfinished", "tags": ""}}, {"model": "pieces.newpiece", "pk": "76bae0a3-af85-4567-91b4-aa262ae31553", "fields": {"artist": 1, "title": "Test 5 2/16/2021", "description": "ff", "medium": "Acryllic", "subject_matter": "Boobies", "location": "NYC", "width": 7, "height": 5, "depth": 4, "price": 5, "piece_upload": "images/Screen_Shot_2021-01-23_at_12.03.04_PM_uPYOEy9.png", "date_of_upload": "2021-01-06", "types": "painting", "dim": "inches", "visibility": "Private", "availability": "Unfinished", "tags": ""}}, {"model": "pieces.newpiece", "pk": "7840f9bc-b1a7-4236-92fd-60df3a71c5ee", "fields": {"artist": 1, "title": "Test 4_1/28/2021", "description": "dd", "medium": "Acryllic", "subject_matter": "Boobies", "location": "NYC", "width": 3, "height": 4, "depth": 3, "price": 4, "piece_upload": "images/Screen_Shot_2021-01-23_at_12.03.04_PM.png", "date_of_upload": "2021-01-06", "types": "painting", "dim": "inches", "visibility": "Private", "availability": "Unfinished", "tags": ""}}, {"model": "pieces.newpiece", "pk": "7c9a4fb2-d562-4f76-a760-51a4d0e8e53c", "fields": {"artist": 2, "title": "B Film Girl", "description": "Film painting about girl", "medium": "Oil", "subject_matter": "Human", "location": "Gallery 1", "width": 4, "height": 5, "depth": 6, "price": 10000, "piece_upload": "images/B_Film_Girl_xm7JOkO.gif", "date_of_upload": "2021-01-06", "types": "painting", "dim": "inches", "visibility": "Private", "availability": "Complete", "tags": ""}}, {"model": "pieces.newpiece", "pk": "7d7fc452-45be-4e42-ac68-54e4510ce2d7", "fields": {"artist": 1, "title": "Test 3 2/19/2021", "description": "ee", "medium": "Acryllic", "subject_matter": "Human", "location": "Gallery 1", "width": 6, "height": 6, "depth": 4, "price": 4, "piece_upload": "images/Screen_Shot_2021-01-26_at_8.29.43_PM_Dz1LceG.png", "date_of_upload": "2021-01-06", "types": "painting", "dim": "inches", "visibility": "Private", "availability": "Unfinished", "tags": ""}}, {"model": "pieces.newpiece", "pk": "7e9c7e25-3e72-4021-88bc-31e4785e54bc", "fields": {"artist": 1, "title": "Test 3 2/21/2021", "description": "dd", "medium": "Acryllic", "subject_matter": "Boobies", "location": "Gallery 1", "width": 6, "height": 6, "depth": 4, "price": 5, "piece_upload": "images/110630-125905_hiZUsTy.jpg", "date_of_upload": "2021-01-06", "types": "painting", "dim": "inches", "visibility": "Private", "availability": "Unfinished", "tags": ""}}, {"model": "pieces.newpiece", "pk": "7fca8c4c-5121-4c63-abb8-39b548bc716a", "fields": {"artist": 2, "title": "B Film Girl", "description": "Film painting about girl", "medium": "Oil", "subject_matter": "Human", "location": "Gallery 1", "width": 4, "height": 5, "depth": 6, "price": 10000, "piece_upload": "images/B_Film_Girl_jtIHvEa.gif", "date_of_upload": "2021-01-06", "types": "painting", "dim": "inches", "visibility": "Private", "availability": "Complete", "tags": ""}}, {"model": "pieces.newpiece", "pk": "8218fd3a-3ef5-47b9-bdd1-c2be9322b21a", "fields": {"artist": 1, "title": "Test 13", "description": "dd", "medium": "Oil", "subject_matter": "People", "location": "Gallery 1", "width": 2, "height": 1, "depth": 1, "price": 2, "piece_upload": "images/Screen_Shot_2021-01-21_at_8.07.54_PM_dMXvnwg.png", "date_of_upload": "2021-01-06", "types": "painting", "dim": "inches", "visibility": "Private", "availability": "Unfinished", "tags": ""}}, {"model": "pieces.newpiece", "pk": "85adf601-c69c-47db-b41e-d6f6e8bb1dc0", "fields": {"artist": 1, "title": "Test 1 2/21/2020", "description": "ff", "medium": "Acryllic", "subject_matter": "Human", "location": "Gallery 1", "width": 4, "height": 4, "depth": 5, "price": 4, "piece_upload": "images/110630-130006_K1x2A24.jpg", "date_of_upload": "2021-01-06", "types": "painting", "dim": "inches", "visibility": "Private", "availability": "Unfinished", "tags": ""}}, {"model": "pieces.newpiece", "pk": "888ac7a7-153b-4a67-af07-4e8b6302db89", "fields": {"artist": 1, "title": "New Shit", "description": "ss", "medium": "Acryllic", "subject_matter": "Boobies", "location": "NYC", "width": 2, "height": 2, "depth": 2, "price": 3, "piece_upload": "images/Screen_Shot_2021-01-23_at_12.08.54_PM_wn0BijG.png", "date_of_upload": "2021-01-06", "types": "painting", "dim": "inches", "visibility": "Private", "availability": "Unfinished", "tags": ""}}, {"model": "pieces.newpiece", "pk": "88c5997f-e7d2-4ca4-b7f9-f0f9dd0b6fb0", "fields": {"artist": 2, "title": "Master of Disguise", "description": "Description", "medium": "Acryllic", "subject_matter": "Human", "location": "NYC", "width": 150, "height": 40, "depth": 49, "price": 3000, "piece_upload": "images/11._Ventiko_The_Daily_Mirror_2009.jpg", "date_of_upload": "2021-01-06", "types": "sculpture", "dim": "inches", "visibility": "Private", "availability": "Complete", "tags": ""}}, {"model": "pieces.newpiece", "pk": "8a3aecdc-8090-4dea-9a2d-5ed43df4a88b", "fields": {"artist": 1, "title": "Test 19 1/28", "description": "dd", "medium": "Acryllic", "subject_matter": "Human", "location": "NYC", "width": 2, "height": 2, "depth": 2, "price": 2, "piece_upload": "images/Screen_Shot_2021-01-23_at_12.03.04_PM_N8U2av3.png", "date_of_upload": "2021-01-06", "types": "painting", "dim": "inches", "visibility": "Private", "availability": "Unfinished", "tags": ""}}, {"model": "pieces.newpiece", "pk": "8a4a64a5-2224-42d9-a8e3-da4941008372", "fields": {"artist": 1, "title": "Test 1 2/7", "description": "Ff", "medium": "Acryllic", "subject_matter": "Human", "location": "NYC", "width": 3, "height": 3, "depth": 4, "price": 2, "piece_upload": "images/Screen_Shot_2021-01-23_at_11.59.55_AM_Ugw16aV.png", "date_of_upload": "2021-01-06", "types": "painting", "dim": "inches", "visibility": "Private", "availability": "Unfinished", "tags": ""}}, {"model": "pieces.newpiece", "pk": "8a7d3453-e2c4-44b9-a50a-7bde245e5a73", "fields": {"artist": 1, "title": "Test 2 2/23/2021", "description": "dd", "medium": "Oil", "subject_matter": "Human", "location": "NYC", "width": 7, "height": 5, "depth": 5, "price": 5, "piece_upload": "images/12_Adam_Handler_Lost_sometimes_Oil_stick_and_pencil_on_paper_30x22in_2018_1200.0_RmV2uON.jpeg", "date_of_upload": "2021-01-06", "types": "painting", "dim": "inches", "visibility": "Private", "availability": "Unfinished", "tags": ""}}, {"model": "pieces.newpiece", "pk": "8bd9cfe1-0b8e-4a61-a50f-213a2763bf29", "fields": {"artist": 1, "title": "Test 4 2/19/2021", "description": "dd", "medium": "Oil", "subject_matter": "Boobies", "location": "NYC", "width": 6, "height": 4, "depth": 5, "price": 4, "piece_upload": "images/Screen_Shot_2021-01-21_at_8.08.52_PM_wPHvpkw.png", "date_of_upload": "2021-01-06", "types": "painting", "dim": "inches", "visibility": "Private", "availability": "Unfinished", "tags": ""}}, {"model": "pieces.newpiece", "pk": "8cec57e9-e4b3-4651-a6dc-b3ee90b01b90", "fields": {"artist": 1, "title": "Test 2 2/16/2021", "description": "dd", "medium": "Oil", "subject_matter": "Human", "location": "NYC", "width": 6, "height": 4, "depth": 4, "price": 5, "piece_upload": "images/Screen_Shot_2021-01-23_at_12.08.54_PM_vio3J5T.png", "date_of_upload": "2021-01-06", "types": "painting", "dim": "inches", "visibility": "Private", "availability": "Unfinished", "tags": ""}}, {"model": "pieces.newpiece", "pk": "92790750-7009-4710-96b6-aec21a7faac4", "fields": {"artist": 2, "title": "Bat in Salem", "description": "Batty", "medium": "Acryllic", "subject_matter": "Baby", "location": "Gallery 2", "width": 20, "height": 30, "depth": 4, "price": 2000, "piece_upload": "images/Bat_in_Salem_n7geVnM.gif", "date_of_upload": "2021-01-06", "types": "painting", "dim": "inches", "visibility": "Public", "availability": "Complete", "tags": ""}}, {"model": "pieces.newpiece", "pk": "95032a6f-fcda-429a-80ca-81d23ec5e83d", "fields": {"artist": 1, "title": "B Film Girl", "description": "dd", "medium": "Oil", "subject_matter": "Boobies", "location": "NYC", "width": 4, "height": 4, "depth": 4, "price": 4, "piece_upload": "images/Screen_Shot_2021-01-23_at_12.03.04_PM_YE3eBjd.png", "date_of_upload": "2021-01-06", "types": "painting", "dim": "inches", "visibility": "Private", "availability": "Unfinished", "tags": ""}}, {"model": "pieces.newpiece", "pk": "99973243-9ea5-4470-b04c-45fedc0a2d3f", "fields": {"artist": 2, "title": "And", "description": "MFmfm", "medium": "Acryllic", "subject_matter": "Human", "location": "NYC", "width": 3, "height": 5, "depth": 6, "price": 6, "piece_upload": "images/butler_DaPhvx7.png", "date_of_upload": "2021-01-06", "types": "sculpture", "dim": "inches", "visibility": "Private", "availability": "Complete", "tags": ""}}, {"model": "pieces.newpiece", "pk": "9f34eb8d-0f91-4f43-a772-d257cb3f448a", "fields": {"artist": 1, "title": "Lord of Poop", "description": "fff", "medium": "Oil", "subject_matter": "People", "location": "Philadelphia", "width": 9, "height": 8, "depth": 7, "price": 5000, "piece_upload": "images/Bat_in_Salem_1E9EH7b.gif", "date_of_upload": "2021-01-06", "types": "sculpture", "dim": "inches", "visibility": "Public", "availability": "Unfinished", "tags": ""}}, {"model": "pieces.newpiece", "pk": "a146f447-89bf-428a-8231-32260ceaa36b", "fields": {"artist": 1, "title": "Test 10 1/28", "description": "fd", "medium": "Oil", "subject_matter": "Boobies", "location": "Gallery 1", "width": 2, "height": 2, "depth": 2, "price": 3, "piece_upload": "images/Screen_Shot_2021-01-21_at_8.07.54_PM_wCV2kHt.png", "date_of_upload": "2021-01-06", "types": "painting", "dim": "inches", "visibility": "Private", "availability": "Unfinished", "tags": ""}}, {"model": "pieces.newpiece", "pk": "a25aa582-cb5b-40fa-a67f-41b6a198042e", "fields": {"artist": 1, "title": "Test 7 2/19/2021", "description": "ff", "medium": "Oil", "subject_matter": "Boobies", "location": "Gallery 1", "width": 5, "height": 4, "depth": 4, "price": 4, "piece_upload": "images/Screen_Shot_2021-01-23_at_11.59.55_AM_rKKtAc6.png", "date_of_upload": "2021-01-06", "types": "painting", "dim": "inches", "visibility": "Private", "availability": "Unfinished", "tags": ""}}, {"model": "pieces.newpiece", "pk": "a486ade4-08f7-4df8-b966-e21783db9e4a", "fields": {"artist": 1, "title": "Test 6 2/19/2021", "description": "ff", "medium": "Acryllic", "subject_matter": "Human", "location": "Gallery 1", "width": 5, "height": 3, "depth": 4, "price": 4, "piece_upload": "images/Screen_Shot_2021-01-21_at_8.08.52_PM_tOIJsKo.png", "date_of_upload": "2021-01-06", "types": "painting", "dim": "inches", "visibility": "Private", "availability": "Unfinished", "tags": ""}}, {"model": "pieces.newpiece", "pk": "a4c2a113-07ed-4838-936d-c0a8ece2a103", "fields": {"artist": 1, "title": "Test 15", "description": "dd", "medium": "Oil", "subject_matter": "Human", "location": "Gallery 1", "width": 2, "height": 2, "depth": 2, "price": 2, "piece_upload": "images/Screen_Shot_2021-01-23_at_12.03.04_PM_LbTbtf2.png", "date_of_upload": "2021-01-06", "types": "painting", "dim": "inches", "visibility": "Private", "availability": "Unfinished", "tags": ""}}, {"model": "pieces.newpiece", "pk": "ac10d915-d31f-4b0c-bca8-4dfc3e9b20f7", "fields": {"artist": 2, "title": "B Film Girl", "description": "Film painting about girl", "medium": "Oil", "subject_matter": "Human", "location": "Gallery 1", "width": 4, "height": 5, "depth": 6, "price": 10000, "piece_upload": "images/B_Film_Girl_7upyx4b.gif", "date_of_upload": "2021-01-06", "types": "painting", "dim": "inches", "visibility": "Private", "availability": "Complete", "tags": ""}}, {"model": "pieces.newpiece", "pk": "ac50510c-4c4e-44a8-8bc4-c6b63d4bf80b", "fields": {"artist": 1, "title": "Test 1 2/8", "description": "dd", "medium": "Acryllic", "subject_matter": "Human", "location": "NYC", "width": 5, "height": 3, "depth": 3, "price": 10000, "piece_upload": "images/Screen_Shot_2021-01-26_at_8.29.43_PM_g4J9BZ3.png", "date_of_upload": "2021-01-06", "types": "painting", "dim": "inches", "visibility": "Private", "availability": "Unfinished", "tags": ""}}, {"model": "pieces.newpiece", "pk": "b0599d68-5e0e-4f69-98fd-6838359b9b97", "fields": {"artist": 1, "title": "Test 4 2/16/2021", "description": "dd", "medium": "Acryllic", "subject_matter": "Human", "location": "NYC", "width": 6, "height": 2, "depth": 6, "price": 2, "piece_upload": "images/Screen_Shot_2021-01-23_at_11.59.10_AM_lp28iwx.png", "date_of_upload": "2021-01-06", "types": "painting", "dim": "inches", "visibility": "Private", "availability": "Unfinished", "tags": ""}}, {"model": "pieces.newpiece", "pk": "b4abe240-2214-4d98-8480-9c7b1c7f2aa7", "fields": {"artist": 1, "title": "Test 2 2/19/2021", "description": "ff", "medium": "Acryllic", "subject_matter": "Human", "location": "Gallery 1", "width": 6, "height": 4, "depth": 5, "price": 3, "piece_upload": "images/Screen_Shot_2021-01-23_at_11.59.55_AM_uX90cgl.png", "date_of_upload": "2021-01-06", "types": "painting", "dim": "inches", "visibility": "Private", "availability": "Unfinished", "tags": ""}}, {"model": "pieces.newpiece", "pk": "b64dc444-fd6a-426b-b372-ee80ffbd61a2", "fields": {"artist": 2, "title": "Pater", "description": "dscrip", "medium": "Oil", "subject_matter": "Boobies", "location": "Gallery 1", "width": 7, "height": 5, "depth": 3, "price": 5, "piece_upload": "images/12._Ventiko_The_Other_World_I_2013.jpg", "date_of_upload": "2021-01-06", "types": "painting", "dim": "inches", "visibility": "Private", "availability": "Complete", "tags": ""}}, {"model": "pieces.newpiece", "pk": "b9d90f91-658b-450f-a4af-f97598760ea8", "fields": {"artist": 1, "title": "Test 1 2/19/2021", "description": "ff", "medium": "Oil", "subject_matter": "Boobies", "location": "Philadelphia", "width": 5, "height": 5, "depth": 7, "price": 4, "piece_upload": "images/Screen_Shot_2021-01-21_at_8.08.07_PM.png", "date_of_upload": "2021-01-06", "types": "painting", "dim": "inches", "visibility": "Private", "availability": "Unfinished", "tags": ""}}, {"model": "pieces.newpiece", "pk": "c0393dc7-f90f-4316-bae7-5ebe8c0036f1", "fields": {"artist": 1, "title": "Test 1 2/2", "description": "DD", "medium": "Oil", "subject_matter": "Human", "location": "NYC", "width": 3, "height": 4, "depth": 3, "price": 5, "piece_upload": "images/Screen_Shot_2021-01-21_at_8.08.52_PM_UwZD2cA.png", "date_of_upload": "2021-01-06", "types": "textile", "dim": "inches", "visibility": "Public", "availability": "Unfinished", "tags": ""}}, {"model": "pieces.newpiece", "pk": "c5c06357-e1da-4591-aa00-59217b81e5a6", "fields": {"artist": 1, "title": "Test 6 2/21/2020", "description": "fdff", "medium": "Oil", "subject_matter": "People", "location": "NYC", "width": 4, "height": 4, "depth": 3, "price": 2, "piece_upload": "images/110803-004237.jpg", "date_of_upload": "2021-01-06", "types": "painting", "dim": "inches", "visibility": "Private", "availability": "Unfinished", "tags": ""}}, {"model": "pieces.newpiece", "pk": "ce64f2fa-e53c-4d25-be47-d33dd8ecbe7c", "fields": {"artist": 1, "title": "Test 11 1/28", "description": "dd", "medium": "O", "subject_matter": "Boobies", "location": "Gallery 1", "width": 1, "height": 1, "depth": 1, "price": 2, "piece_upload": "images/Screen_Shot_2021-01-21_at_8.07.54_PM_Fz7luPo.png", "date_of_upload": "2021-01-06", "types": "painting", "dim": "inches", "visibility": "Private", "availability": "Unfinished", "tags": ""}}, {"model": "pieces.newpiece", "pk": "da261871-7324-4f82-9b82-1e6734cfc27a", "fields": {"artist": 1, "title": "Test 7 1/28", "description": "dd", "medium": "Oil", "subject_matter": "Human", "location": "Gallery 1", "width": 2, "height": 2, "depth": 2, "price": 3, "piece_upload": "images/Screen_Shot_2021-01-23_at_12.08.54_PM.png", "date_of_upload": "2021-01-06", "types": "painting", "dim": "inches", "visibility": "Private", "availability": "Unfinished", "tags": ""}}, {"model": "pieces.newpiece", "pk": "db870366-36a6-4441-85d7-dae33e1abe34", "fields": {"artist": 2, "title": "Test 1 2/23/2021", "description": "dd", "medium": "Acryllic", "subject_matter": "Boobies", "location": "Gallery 1", "width": 4, "height": 4, "depth": 4, "price": 4, "piece_upload": "images/12_Adam_Handler_Lost_sometimes_Oil_stick_and_pencil_on_paper_30x22in_2018_1200.00.jpeg", "date_of_upload": "2021-01-06", "types": "painting", "dim": "inches", "visibility": "Private", "availability": "Unfinished", "tags": ""}}, {"model": "pieces.newpiece", "pk": "de70723a-a8a3-43f7-95bc-25476bb206f5", "fields": {"artist": 1, "title": "Test 8 2/19/2021", "description": "ff", "medium": "Acryllic", "subject_matter": "Human", "location": "Gallery 1", "width": 6, "height": 5, "depth": 6, "price": 3, "piece_upload": "images/Screen_Shot_2021-01-23_at_12.03.04_PM_v3occQI.png", "date_of_upload": "2021-01-06", "types": "painting", "dim": "inches", "visibility": "Private", "availability": "Unfinished", "tags": ""}}, {"model": "pieces.newpiece", "pk": "e18c03f9-4b57-4151-9798-8c523a067de4", "fields": {"artist": 1, "title": "Test 2 2/17/2021", "description": "ff", "medium": "Acryllic", "subject_matter": "Boobies", "location": "NYC", "width": 6, "height": 5, "depth": 6, "price": 6, "piece_upload": "images/Screen_Shot_2021-01-23_at_11.59.10_AM_5eCX3bn.png", "date_of_upload": "2021-01-06", "types": "painting", "dim": "inches", "visibility": "Private", "availability": "Complete", "tags": ""}}, {"model": "pieces.newpiece", "pk": "e4cfbcf2-55ee-43c4-89d8-7947d95c919e", "fields": {"artist": 2, "title": "Test 1_1/28/2021", "description": "de", "medium": "Acryllic", "subject_matter": "Human", "location": "NYC", "width": 2, "height": 3, "depth": 3, "price": 3, "piece_upload": "images/Screen_Shot_2021-01-21_at_8.07.54_PM.png", "date_of_upload": "2021-01-06", "types": "painting", "dim": "inches", "visibility": "Private", "availability": "Unfinished", "tags": ""}}, {"model": "pieces.newpiece", "pk": "e7b3927d-3032-4b56-82fc-10c903268f8f", "fields": {"artist": 1, "title": "Test 7 2/21/2020", "description": "ff", "medium": "Acryllic", "subject_matter": "Boobies", "location": "Gallery 1", "width": 5, "height": 4, "depth": 4, "price": 4, "piece_upload": "images/110630-125905.jpg", "date_of_upload": "2021-01-06", "types": "painting", "dim": "inches", "visibility": "Private", "availability": "Unfinished", "tags": ""}}, {"model": "pieces.newpiece", "pk": "e940b234-88a8-4738-9702-e6021e3de5f4", "fields": {"artist": 1, "title": "Test 3 2/16/2021", "description": "dd", "medium": "Acryllic", "subject_matter": "Human", "location": "NYC", "width": 7, "height": 3, "depth": 5, "price": 3, "piece_upload": "images/Screen_Shot_2021-01-23_at_11.59.55_AM_tdoWkq9.png", "date_of_upload": "2021-01-06", "types": "painting", "dim": "inches", "visibility": "Private", "availability": "Unfinished", "tags": ""}}, {"model": "pieces.newpiece", "pk": "eb804e99-4ab3-4cfe-bc62-1a096131c911", "fields": {"artist": 1, "title": "Test 2 2/21/2021", "description": "vv", "medium": "Oil", "subject_matter": "Boobies", "location": "NYC", "width": 5, "height": 4, "depth": 4, "price": 4, "piece_upload": "images/110630-130006_7gw7B3X.jpg", "date_of_upload": "2021-01-06", "types": "painting", "dim": "inches", "visibility": "Private", "availability": "Unfinished", "tags": ""}}, {"model": "pieces.newpiece", "pk": "ef3d23e5-12f1-46f8-94c1-220e6cf23acc", "fields": {"artist": 1, "title": "Test 3_1/28/2021", "description": "dd", "medium": "Oil", "subject_matter": "Boobies", "location": "NYC", "width": 3, "height": 2, "depth": 3, "price": 0, "piece_upload": "images/Screen_Shot_2021-01-23_at_11.59.55_AM.png", "date_of_upload": "2021-01-06", "types": "sculpture", "dim": "inches", "visibility": "Private", "availability": "Unfinished", "tags": ""}}, {"model": "pieces.newpiece", "pk": "efd3f3a3-4606-468d-93cd-fdf012a27b4a", "fields": {"artist": 1, "title": "Test 6 1/28", "description": "ddd", "medium": "Oil", "subject_matter": "Boobies", "location": "NYC", "width": 2, "height": 2, "depth": 2, "price": 3, "piece_upload": "images/Screen_Shot_2021-01-23_at_11.59.55_AM_jTlpfpN.png", "date_of_upload": "2021-01-06", "types": "painting", "dim": "inches", "visibility": "Private", "availability": "Unfinished", "tags": ""}}, {"model": "pieces.newpiece", "pk": "efe3c312-9efc-4625-8c88-d0f36935b371", "fields": {"artist": 1, "title": "Test 1 2/2", "description": "DD", "medium": "Oil", "subject_matter": "Human", "location": "NYC", "width": 3, "height": 4, "depth": 3, "price": 5, "piece_upload": "images/Screen_Shot_2021-01-21_at_8.08.52_PM_gTZEHrW.png", "date_of_upload": "2021-01-06", "types": "textile", "dim": "inches", "visibility": "Public", "availability": "Unfinished", "tags": ""}}, {"model": "pieces.newpiece", "pk": "f2ca6955-ca3b-4c1c-b5a1-d4734a92c41e", "fields": {"artist": 1, "title": "Test 5 2/18/2021", "description": "dd", "medium": "Acryllic", "subject_matter": "Human", "location": "NYC", "width": 4, "height": 3, "depth": 4, "price": 3, "piece_upload": "images/Screen_Shot_2021-01-23_at_12.03.04_PM_ZE1SjQ1.png", "date_of_upload": "2021-01-06", "types": "painting", "dim": "inches", "visibility": "Private", "availability": "Unfinished", "tags": ""}}, {"model": "pieces.newpiece", "pk": "f344d295-12a2-4180-a186-0d76f9f4cfd9", "fields": {"artist": 2, "title": "Test 1 2/20/2021", "description": "ff", "medium": "Oil", "subject_matter": "Boobies", "location": "NYC", "width": 5, "height": 4, "depth": 5, "price": 6, "piece_upload": "images/110630-130006.jpg", "date_of_upload": "2021-01-06", "types": "painting", "dim": "inches", "visibility": "Private", "availability": "Unfinished", "tags": ""}}, {"model": "pieces.newpiece", "pk": "f3a707de-a578-4c4d-9014-a1f9018f0071", "fields": {"artist": 1, "title": "Test 11 1/28", "description": "dd", "medium": "Oil", "subject_matter": "Boobies", "location": "Gallery 1", "width": 2, "height": 1, "depth": 1, "price": 3, "piece_upload": "images/Screen_Shot_2021-01-21_at_8.08.52_PM_yanJeQM.png", "date_of_upload": "2021-01-06", "types": "painting", "dim": "inches", "visibility": "Private", "availability": "Unfinished", "tags": ""}}, {"model": "pieces.newpiece", "pk": "f424224e-7202-438d-b242-eac21ecc79f1", "fields": {"artist": 1, "title": "Test 4 1/31", "description": "dd", "medium": "Oil", "subject_matter": "Human", "location": "Gallery 1", "width": 3, "height": 2, "depth": 3, "price": 2, "piece_upload": "images/Screen_Shot_2021-01-06_at_5.34.52_PM_jJFKpqK.png", "date_of_upload": "2021-01-06", "types": "painting", "dim": "inches", "visibility": "Private", "availability": "Unfinished", "tags": ""}}, {"model": "pieces.newpiece", "pk": "f485fb34-0e01-4c23-9570-4d3165208314", "fields": {"artist": 1, "title": "New Shit", "description": "description", "medium": "Acryllic", "subject_matter": "Boobies", "location": "Gallery 1", "width": 5, "height": 3, "depth": 4, "price": 5, "piece_upload": "images/4class_model_iOlZ5nB.png", "date_of_upload": "2021-01-06", "types": "painting", "dim": "inches", "visibility": "Private", "availability": "Unfinished", "tags": ""}}, {"model": "pieces.newpiece", "pk": "f99f02c3-85a1-4ffd-baf4-f5333e2fdd83", "fields": {"artist": 1, "title": "Test 20", "description": "dd", "medium": "O", "subject_matter": "Baby", "location": "Gallery 1", "width": 2, "height": 2, "depth": 1, "price": 4, "piece_upload": "images/Screen_Shot_2021-01-23_at_11.59.55_AM_nRT5mzQ.png", "date_of_upload": "2021-01-06", "types": "painting", "dim": "inches", "visibility": "Private", "availability": "Unfinished", "tags": ""}}, {"model": "pieces.newpiece", "pk": "fa37a5f3-9851-4ee2-9252-73c381ac9b3b", "fields": {"artist": 2, "title": "B Film Girl", "description": "ferfrgr", "medium": "Acryllic", "subject_matter": "People", "location": "Gallery 1", "width": 3, "height": 4, "depth": 5, "price": 6, "piece_upload": "images/4class_model.png", "date_of_upload": "2021-01-06", "types": "sculpture", "dim": "inches", "visibility": "Private", "availability": "Pending", "tags": ""}}, {"model": "pieces.newpiece", "pk": "fe0096ee-4e24-4715-8937-89979e938b2a", "fields": {"artist": 1, "title": "Test 1 2/17/2021", "description": "ff", "medium": "Acryllic", "subject_matter": "Human", "location": "NYC", "width": 4, "height": 3, "depth": 4, "price": 144, "piece_upload": "images/Screen_Shot_2021-01-23_at_12.08.54_PM_Rdur3gW.png", "date_of_upload": "2021-01-06", "types": "painting", "dim": "inches", "visibility": "Private", "availability": "Unfinished", "tags": ""}}, {"model": "pieces.newpiece_1", "pk": "4a1ae12e-3a9e-41c7-979b-6b37134507b2", "fields": {"name": "g", "email": "a@aol.com", "comment": "rr"}}, {"model": "pieces.newpiece_1", "pk": "7d01e0cf-12bf-4778-96a7-bfb7f72b17c6", "fields": {"name": "g", "email": "a@aol.com", "comment": "rr"}}, {"model": "pieces.artist", "pk": 1, "fields": {"first_name": "Adam", "last_name": "Handler", "artist_email": "adamhandler@gmail.com", "artist_phone": "570-362-0244"}}, {"model": "pieces.artist", "pk": 2, "fields": {"first_name": "Mysterio", "last_name": "Ventinkor", "artist_email": "ventikor@gmail.com", "artist_phone": "570-362-4200"}}, {"model": "schedule.event", "pk": 1, "fields": {"title": "Thing to do", "description": "Thing I gotta do", "start_time": "2021-02-10T23:54:00Z", "end_time": "2021-02-13T16:54:00Z"}}, {"model": "schedule.event", "pk": 2, "fields": {"title": "Other Thing", "description": "This other thing", "start_time": "2021-02-13T23:56:00Z", "end_time": "2021-03-11T23:56:00Z"}}, {"model": "schedule.event", "pk": 3, "fields": {"title": "New Shit", "description": "FHFh", "start_time": "2021-04-13T23:58:00Z", "end_time": "2021-04-20T23:58:00Z"}}, {"model": "schedule.event", "pk": 4, "fields": {"title": "Doobie", "description": "DND", "start_time": "2021-02-20T01:49:00Z", "end_time": "2021-02-22T01:49:00Z"}}, {"model": "schedule.event", "pk": 5, "fields": {"title": "Thing today", "description": "ff", "start_time": "2021-02-20T22:27:00Z", "end_time": "2021-02-20T22:27:00Z"}}, {"model": "contacts.contact", "pk": "0cb27f82-cfbf-4973-bf6c-045bda0e9929", "fields": {"first_name": "Test 2", "middle_name": "Feb", "last_name": "2nd", "job_title": "Job", "company": "JokerTown", "email": "email@gmail.com", "phone_number": "555-555-5555", "birth_date": "2020-06-06", "death_date": "2020-06-06", "bio": "ff", "notes": "ff", "contact_types": "Work", "contact_image": "images/Screen_Shot_2021-01-23_at_11.59.10_AM_KP38ZDH.png"}}, {"model": "contacts.contact", "pk": "23704a2d-5d66-4f06-8d32-324e4d22318b", "fields": {"first_name": "Test", "middle_name": "1", "last_name": "Now", "job_title": "Job", "company": "JokerTown", "email": "email@gmail.com", "phone_number": "420-420-69696", "birth_date": "2020-06-06", "death_date": "2020-06-06", "bio": "ghg", "notes": "nf", "contact_types": "Work", "contact_image": "images/Screen_Shot_2021-01-23_at_12.08.54_PM_1mrV9tc.png"}}, {"model": "contacts.contact", "pk": "31403d8f-a904-4835-b1fc-f5f4088d2393", "fields": {"first_name": "Mother", "middle_name": "Shit", "last_name": "Shit", "job_title": "Title", "company": "Company", "email": "amiele84@gmail.com", "phone_number": "666-666-6666", "birth_date": "2021-01-25", "death_date": "2021-01-25", "bio": "bio", "notes": "notes", "contact_types": "Home", "contact_image": "images/butler_165gtWp.png"}}, {"model": "contacts.contact", "pk": "42587f9e-f9e0-4d41-870b-d5d8216eb931", "fields": {"first_name": "Me", "middle_name": "Myself", "last_name": "I", "job_title": "Job", "company": "Company", "email": "email@aol.com", "phone_number": "555-555-5555", "birth_date": "2021-01-15", "death_date": "2021-01-15", "bio": "bio", "notes": "notes", "contact_types": "Work", "contact_image": "images/Screen_Shot_2013-10-03_at_9.27.08_PM.png"}}, {"model": "contacts.contact", "pk": "429581b7-d185-4565-a7e5-1751bb69af5f", "fields": {"first_name": "Andrew", "middle_name": "Stephen", "last_name": "Miele", "job_title": "My Job", "company": "My Gallery", "email": "email@gmail.com", "phone_number": "555-555-5555", "birth_date": "2021-01-15", "death_date": "2021-01-15", "bio": "bio", "notes": "notes", "contact_types": "Work", "contact_image": "images/wed_cOnJmkD.jpg"}}, {"model": "contacts.contact", "pk": "6daa4760-8eee-4fcc-9439-1321827895b0", "fields": {"first_name": "Andrew", "middle_name": "Stephen", "last_name": "Miele", "job_title": "My Job", "company": "My Gallery", "email": "email@gmail.com", "phone_number": "555-555-5555", "birth_date": "2021-01-15", "death_date": "2021-01-15", "bio": "bio", "notes": "notes", "contact_types": "Work", "contact_image": "images/wed_Csqbiaa.jpg"}}, {"model": "contacts.contact", "pk": "70aad77a-e9bc-4095-b2ec-f89c677054e3", "fields": {"first_name": "Jared", "middle_name": "Francis", "last_name": "Leto", "job_title": "Actor", "company": "JokerTown", "email": "amiele84@gmail.com", "phone_number": "555-444-2223", "birth_date": "2021-01-10", "death_date": "2021-01-10", "bio": "bio", "notes": "notes", "contact_types": "Work", "contact_image": "images/Screen_Shot_2021-01-06_at_5.34.52_PM.png"}}, {"model": "contacts.contact", "pk": "8115f6b4-d2c3-4ab9-bc93-9b8ddccfc226", "fields": {"first_name": "Andrew", "middle_name": "Stephen", "last_name": "Miele", "job_title": "My Job", "company": "My Gallery", "email": "email@gmail.com", "phone_number": "555-555-5555", "birth_date": "2021-01-15", "death_date": "2021-01-15", "bio": "bio", "notes": "notes", "contact_types": "Work", "contact_image": "images/wed.jpg"}}, {"model": "contacts.contact", "pk": "83ee2904-9c4d-4ccb-8a12-ee66d7c4723b", "fields": {"first_name": "Last", "middle_name": "S", "last_name": "Shit", "job_title": "TItle", "company": "Company", "email": "email@gmail.com", "phone_number": "555-555-4040", "birth_date": "2021-01-25", "death_date": "2021-01-25", "bio": "bio", "notes": "notes", "contact_types": "Home", "contact_image": "images/Screen_Shot_2021-01-21_at_8.08.52_PM.png"}}, {"model": "contacts.contact", "pk": "8a8039ce-999e-49e5-9cd2-1cd09b10de84", "fields": {"first_name": "Jack", "middle_name": "Francis", "last_name": "Miele", "job_title": "Artist", "company": "Company", "email": "email@gmail.com", "phone_number": "555-555-5555", "birth_date": "2020-06-06", "death_date": "2020-06-06", "bio": "dd", "notes": "ff", "contact_types": "Work", "contact_image": "images/Screen_Shot_2021-01-23_at_12.03.04_PM_tfYy0Ou.png"}}, {"model": "contacts.contact", "pk": "90aabfbb-c902-4e33-9b08-fd8369396e26", "fields": {"first_name": "Jack", "middle_name": "S", "last_name": "Contact", "job_title": "Me", "company": "JokerTown", "email": "email@gmail.com", "phone_number": "555-555-5555", "birth_date": "2020-06-06", "death_date": "2020-06-06", "bio": "dd", "notes": "ss", "contact_types": "Work", "contact_image": "images/Screen_Shot_2021-01-23_at_12.03.04_PM_qhrEvud.png"}}, {"model": "contacts.contact", "pk": "a0b46fbc-2a74-4dd2-bab1-802595516c8c", "fields": {"first_name": "Mee Maw", "middle_name": "M", "last_name": "Last Name", "job_title": "Artist", "company": "Gallery 1", "email": "amiele84@gmail.com", "phone_number": "555-444-2200", "birth_date": "2021-01-25", "death_date": "2021-01-25", "bio": "bio", "notes": "no notes to say", "contact_types": "Home", "contact_image": "images/6_Adam_Handler_Childish_love_68x34in_5500.00.jpg"}}, {"model": "contacts.contact", "pk": "b29b7a8f-a669-4b63-8966-298cf5bdaacb", "fields": {"first_name": "Jack", "middle_name": "And", "last_name": "Jill", "job_title": "Walking", "company": "Up", "email": "hill@gmail.com", "phone_number": "555-444-2224", "birth_date": "2021-01-10", "death_date": "2021-01-10", "bio": "n", "notes": "notes", "contact_types": "Work", "contact_image": "images/butler_GGNLahd.png"}}, {"model": "contacts.contact", "pk": "c1bafe13-ea3f-410a-beea-3b0e0376d0ac", "fields": {"first_name": "Test 3", "middle_name": "Fed", "last_name": "2", "job_title": "Artist", "company": "Company", "email": "email@gmail.com", "phone_number": "420-420-69696", "birth_date": "2020-06-06", "death_date": "2020-06-06", "bio": "ff", "notes": "dd", "contact_types": "Work", "contact_image": "images/Screen_Shot_2021-01-21_at_8.08.52_PM_msdJfpr.png"}}, {"model": "contacts.contact", "pk": "da16479a-6ec2-4b81-be0d-388d1c1ca3e7", "fields": {"first_name": "First", "middle_name": "MIddle", "last_name": "Last", "job_title": "Artist", "company": "Company", "email": "email@gmail.com", "phone_number": "555-555-5555", "birth_date": "2021-01-10", "death_date": "2021-01-10", "bio": "bio", "notes": "notes", "contact_types": "Other", "contact_image": "images/IMG_20201221_132118.jpg"}}]